E,mu,t,id_machine,id_specimen,id_measurement
10113.457095619036,0.31944249385521817,0.25,A,0,g
9432.148720245155,0.3082299118990356,0.25,A,1,g
10468.172282572066,0.3284222935715939,0.25,A,2,g
9474.697919911632,0.3339186988661426,0.25,A,3,g
10010.402837455193,0.310751366213606,0.25,A,4,g
9773.590664372696,0.3157830430831144,0.25,A,5,g
9434.886785337387,0.3283916192139586,0.25,A,6,g
10839.692011298292,0.3152892001203997,0.25,A,7,g
10223.559876106136,0.3211034228206701,0.25,A,8,g
10157.742411398773,0.3139270964734052,0.25,A,9,g
11422.066611282678,0.31782112962754794,0.125,A,10,g
11505.323010114735,0.30608399667587305,0.125,A,11,g
11510.446965874278,0.34914441919174977,0.125,A,12,g
12017.414269871111,0.3303408829423642,0.125,A,13,g
11429.717708788447,0.3201463522075964,0.125,A,14,g
12297.664746480037,0.33000214367177566,0.125,A,15,g
12334.335831520755,0.3137561020681309,0.125,A,16,g
12516.805744419256,0.31697712404190376,0.125,A,17,g
12474.801878377708,0.31556800494637943,0.125,A,18,g
12228.772089783108,0.3346469304763635,0.125,A,19,g
10052.96172588042,0.31654516121639925,0.25,B,20,g
10542.53889310122,0.32642251127887656,0.25,B,21,g
9994.183800273517,0.3194200657902023,0.25,B,22,g
9905.099851366767,0.30906481199131147,0.25,B,23,g
9952.073786964698,0.3161876539654645,0.25,B,24,g
10512.523337984121,0.318986958443724,0.25,B,25,g
9566.350017829287,0.3036760937645298,0.25,B,26,g
9780.365156239404,0.304722121589272,0.25,B,27,g
9099.600235049476,0.31285430558783967,0.25,B,28,g
9349.17430971305,0.31557540130022116,0.25,B,29,g
11833.842509431266,0.3362629001546818,0.125,B,30,g
12937.021875727844,0.32048586655814326,0.125,B,31,g
12462.201952147254,0.32719649666713796,0.125,B,32,g
12108.489935561838,0.3033556725555827,0.125,B,33,g
11595.736597125175,0.3222211416388181,0.125,B,34,g
12691.978143245975,0.3189596436719223,0.125,B,35,g
11522.577726274423,0.3160705846567157,0.125,B,36,g
12450.251598880626,0.3122451026920385,0.125,B,37,g
11544.857533061946,0.32489673683681003,0.125,B,38,g
11791.700189687303,0.30390181738015487,0.125,B,39,g
11090.115819073646,0.32823044538972507,0.25,C,40,g
10490.227987754519,0.3274444011558674,0.25,C,41,g
11286.59975346239,0.3107990796883054,0.25,C,42,g
9543.566222423417,0.3099725234275345,0.25,C,43,g
9495.123460546252,0.34332576617810906,0.25,C,44,g
9721.336109363498,0.3127060255541819,0.25,C,45,g
10538.493043560002,0.31751097927681854,0.25,C,46,g
9990.338704092703,0.3296530677574111,0.25,C,47,g
10176.916414024652,0.31880105009399834,0.25,C,48,g
11344.642173783423,0.32879781149310977,0.25,C,49,g
12649.680296697079,0.31525352296168124,0.125,C,50,g
12833.392452028324,0.30970399244023666,0.125,C,51,g
13727.649245004466,0.3201744385082541,0.125,C,52,g
13451.544198663974,0.3093377011824114,0.125,C,53,g
13654.342054545059,0.3209864405421012,0.125,C,54,g
12813.070628244428,0.3304799854665556,0.125,C,55,g
12745.322944304635,0.3161879873879858,0.125,C,56,g
13590.238128452651,0.3312581540752595,0.125,C,57,g
12261.332304674512,0.32661638262467996,0.125,C,58,g
12865.041307070867,0.32306727525405593,0.125,C,59,g
9948.685372172835,0.32141471528007154,0.25,D,60,g
10200.3723324089,0.3167181687355921,0.25,D,61,g
9476.764825910861,0.32320058501585924,0.25,D,62,g
9857.330258739466,0.32394186390244073,0.25,D,63,g
9550.435141206153,0.32153000838902723,0.25,D,64,g
9858.951499501161,0.3233080583605233,0.25,D,65,g
10357.051464057682,0.34834898069614545,0.25,D,66,g
9360.071929735603,0.3147247157873583,0.25,D,67,g
10176.8181275038,0.30399804935194513,0.25,D,68,g
10147.590069976026,0.31265753077181485,0.25,D,69,g
12220.844798292801,0.30353677837820525,0.125,D,70,g
12389.323736184579,0.3307472329828606,0.125,D,71,g
12546.696712863,0.3108989259681224,0.125,D,72,g
12291.29251336449,0.32716934603007003,0.125,D,73,g
11633.931868422007,0.33447188452737064,0.125,D,74,g
11537.356623034853,0.3331653153136524,0.125,D,75,g
11349.116161919545,0.3287197876984114,0.125,D,76,g
11873.420733329138,0.3351792446191137,0.125,D,77,g
12968.274504738596,0.35542250473952414,0.125,D,78,g
12633.897691777267,0.33412706151093935,0.125,D,79,g
9879.80224281171,0.3349680067065397,0.25,E,80,g
9519.721485214286,0.32126754606667446,0.25,E,81,g
10478.084621245473,0.3250585939818713,0.25,E,82,g
10118.438965636527,0.33338121467661186,0.25,E,83,g
10016.914514571065,0.3338080220205799,0.25,E,84,g
10389.42077694122,0.3275670257629679,0.25,E,85,g
9996.016558695756,0.32813143660807975,0.25,E,86,g
10091.549437075297,0.30746583953606216,0.25,E,87,g
10300.90774219163,0.3327226817721214,0.25,E,88,g
10027.74432094444,0.3323490097705118,0.25,E,89,g
12036.782346141688,0.32524828020802965,0.125,E,90,g
12427.293984415943,0.3174208842971589,0.125,E,91,g
11428.752641691735,0.28973042110401215,0.125,E,92,g
11427.635819402678,0.34134072404459415,0.125,E,93,g
12394.661071205855,0.33577577287530197,0.125,E,94,g
12067.097473154534,0.3228893768032643,0.125,E,95,g
12046.392871349968,0.31597141678957996,0.125,E,96,g
12345.623249477934,0.32161436696904927,0.125,E,97,g
11596.888598622509,0.3234686516920745,0.125,E,98,g
10655.676141577309,0.3226438898632354,0.125,E,99,g
10443.72789843671,0.3163629577104898,0.25,F,100,g
9773.337447696691,0.2996870476437303,0.25,F,101,g
10226.367527138505,0.3203981136378604,0.25,F,102,g
10439.186222445675,0.32605079049292596,0.25,F,103,g
10427.651175879379,0.323943821534511,0.25,F,104,g
10728.427833597902,0.3295632264602054,0.25,F,105,g
10450.221431435284,0.32105915356059583,0.25,F,106,g
9748.249850467662,0.32604693155546943,0.25,F,107,g
10150.92864048423,0.31935833125548696,0.25,F,108,g
10083.66889304132,0.327140846895173,0.25,F,109,g
11157.078356526614,0.32274687224638093,0.125,F,110,g
12335.475667316769,0.29569839005435233,0.125,F,111,g
12234.746011594469,0.3293037426144084,0.125,F,112,g
11524.335251394072,0.32771995626104305,0.125,F,113,g
11733.080674694937,0.3219177646466628,0.125,F,114,g
12364.3826336478,0.32297283796260584,0.125,F,115,g
10879.580781272294,0.32220818575718974,0.125,F,116,g
11152.065882948755,0.3343268493545256,0.125,F,117,g
12599.646088300748,0.3120254824977097,0.125,F,118,g
12081.463332110035,0.3435260019861163,0.125,F,119,g
10821.349581127373,0.32834253475135927,0.25,A,0,h
9048.063816371481,0.31611454403121975,0.25,A,1,h
10991.4838860055,0.33871171274072,0.25,A,2,h
8382.609091782397,0.32436409649156006,0.25,A,3,h
12108.596825030005,0.30992816512462984,0.25,A,4,h
11497.234773053753,0.3158002240778848,0.25,A,5,h
11246.032694810674,0.3331449313302238,0.25,A,6,h
9191.31709069125,0.31238189981170356,0.25,A,7,h
10715.339361325614,0.32612784541243034,0.25,A,8,h
10501.914802580397,0.3180016163346503,0.25,A,9,h
12141.37035620952,0.31466698395433007,0.125,A,10,h
11054.382281244667,0.310323337177548,0.125,A,11,h
12778.182453717107,0.34433082223205536,0.125,A,12,h
10927.9949095279,0.3265719431370759,0.125,A,13,h
13067.649775364735,0.32256884818803505,0.125,A,14,h
12002.609185259987,0.3208484350036234,0.125,A,15,h
11945.32878367918,0.3171489519968099,0.125,A,16,h
12682.888038888308,0.3187986520191822,0.125,A,17,h
13300.821753882019,0.3235917508033686,0.125,A,18,h
10530.598742291942,0.33564600266468014,0.125,A,19,h
10618.619479017643,0.30876696565302353,0.25,B,20,h
9129.209570040373,0.33367599692350725,0.25,B,21,h
10582.966412370304,0.31520587305274334,0.25,B,22,h
11213.6604945363,0.3115223842240519,0.25,B,23,h
10747.69222453633,0.3218110076533539,0.25,B,24,h
8689.6264031276,0.31732163284324066,0.25,B,25,h
9199.979906481149,0.310429509065676,0.25,B,26,h
10308.62888395537,0.30975981538218467,0.25,B,27,h
9117.546122313648,0.30422176229468284,0.25,B,28,h
10266.696724836038,0.3151336457654802,0.25,B,29,h
9480.639781343045,0.331952831214758,0.125,B,30,h
13007.469810365066,0.3174466616758121,0.125,B,31,h
12090.333255432597,0.3214633911853456,0.125,B,32,h
11195.630517094902,0.2988820864224482,0.125,B,33,h
11659.922970327307,0.3238373875886677,0.125,B,34,h
13177.767642005463,0.331472578968555,0.125,B,35,h
12583.169975159444,0.3137840031990742,0.125,B,36,h
12437.272605896638,0.31357354103023294,0.125,B,37,h
12522.745239680784,0.3183533958608602,0.125,B,38,h
12167.3572763085,0.3132465271677881,0.125,B,39,h
10639.677979647791,0.3229932580072458,0.25,C,40,h
9743.879841261587,0.3145786635445102,0.25,C,41,h
9698.004874059347,0.3089989118597756,0.25,C,42,h
10318.067713866627,0.31425616489416996,0.25,C,43,h
10332.506879442124,0.3298751896591603,0.25,C,44,h
9793.355731714626,0.3282242387328783,0.25,C,45,h
10806.319276753813,0.3225650621541846,0.25,C,46,h
10313.546147129706,0.3235864842349405,0.25,C,47,h
9102.10256459631,0.32193416506669553,0.25,C,48,h
11066.338279450474,0.326438555521882,0.25,C,49,h
13713.715850508122,0.30995364343035636,0.125,C,50,h
13217.827829909787,0.30642858475772966,0.125,C,51,h
12243.549055620655,0.3204703043325723,0.125,C,52,h
12053.838785354237,0.31117025449386143,0.125,C,53,h
13332.752202362084,0.3203947366601581,0.125,C,54,h
12755.740531685791,0.32854918920680837,0.125,C,55,h
12196.880623892968,0.30965722455801864,0.125,C,56,h
14338.083048944778,0.32404161571894935,0.125,C,57,h
13670.54716598785,0.3261024073616659,0.125,C,58,h
11938.343142886668,0.32514003111523737,0.125,C,59,h
9158.245315743876,0.32616202950959494,0.25,D,60,h
7644.897044613379,0.3208726171048251,0.25,D,61,h
9974.494819320067,0.3153421150981469,0.25,D,62,h
10471.119000843279,0.3106295208506477,0.25,D,63,h
9689.997366054593,0.31295465447266635,0.25,D,64,h
9457.658905753507,0.3112730503406189,0.25,D,65,h
9597.002264238296,0.348181647569729,0.25,D,66,h
9305.076990041931,0.31465433149545907,0.25,D,67,h
11380.814687947137,0.3035341940495904,0.25,D,68,h
8663.81519755046,0.3158247757281719,0.25,D,69,h
11588.58174575701,0.30640079252052654,0.125,D,70,h
10135.744338167297,0.3323846312342769,0.125,D,71,h
12244.577719710525,0.3129135144276349,0.125,D,72,h
13101.214793567433,0.3201925855990198,0.125,D,73,h
12657.400712715471,0.3357518031684407,0.125,D,74,h
12850.770581078525,0.33392837627864375,0.125,D,75,h
11120.729939667639,0.3291511571472514,0.125,D,76,h
11840.857309059515,0.32184432393337964,0.125,D,77,h
13233.554854525932,0.35303532131115695,0.125,D,78,h
12000.71137443097,0.3378958165370951,0.125,D,79,h
9668.281857923022,0.3379572779141695,0.25,E,80,h
10443.026237505042,0.30997543520770804,0.25,E,81,h
11062.900898553326,0.31552080940402427,0.25,E,82,h
8854.028706221423,0.3213027095050852,0.25,E,83,h
10089.73313846896,0.328849486417973,0.25,E,84,h
9928.719033441392,0.3324297627225967,0.25,E,85,h
9457.197262872203,0.322688217184971,0.25,E,86,h
10618.554099852185,0.31736865196930497,0.25,E,87,h
9939.456340497458,0.3289505248959008,0.25,E,88,h
11933.632651094078,0.3335323591880522,0.25,E,89,h
12883.753827194745,0.3184560129886878,0.125,E,90,h
11805.40721883488,0.3141856006222775,0.125,E,91,h
13594.820777014964,0.29497186768781464,0.125,E,92,h
11140.829142261617,0.3310505898573594,0.125,E,93,h
11032.462157900143,0.33749429844382084,0.125,E,94,h
10726.533389497543,0.31458316784900736,0.125,E,95,h
12819.058947148093,0.3165939555852634,0.125,E,96,h
12612.971244987639,0.3234880340561685,0.125,E,97,h
12055.791175797534,0.3253744485581365,0.125,E,98,h
11712.0367659594,0.32447739488315125,0.125,E,99,h
10518.05588573535,0.3169398085604567,0.25,F,100,h
8945.84454513848,0.3011953328454196,0.25,F,101,h
10141.934612633198,0.3258668790213857,0.25,F,102,h
9674.489957525342,0.31708838949864293,0.25,F,103,h
9770.513616777534,0.3135920138925142,0.25,F,104,h
10813.987571745756,0.330044609969538,0.25,F,105,h
8639.62038878219,0.3202949277442989,0.25,F,106,h
10797.110095429063,0.31617170666173916,0.25,F,107,h
10361.707767922346,0.31757968699504174,0.25,F,108,h
9897.638170485756,0.32432888594690307,0.25,F,109,h
13699.562168074077,0.3176177540597905,0.125,F,110,h
11961.10119343957,0.29949447660433953,0.125,F,111,h
11745.879327249111,0.33155935189721475,0.125,F,112,h
13204.737940889161,0.31773133145506993,0.125,F,113,h
11766.02342608953,0.32489413118330085,0.125,F,114,h
12112.86537072544,0.3202860191807205,0.125,F,115,h
10005.527660791962,0.3244797885819012,0.125,F,116,h
11826.327549672094,0.3455711484473828,0.125,F,117,h
11467.833769156872,0.304516846485767,0.125,F,118,h
11886.230007666976,0.33084051237378354,0.125,F,119,h
9795.537916443509,0.3165306481635463,0.25,A,0,i
9042.569062934208,0.31947723372007625,0.25,A,1,i
9987.547931108438,0.3298081748503935,0.25,A,2,i
10447.879057941303,0.33383419978556794,0.25,A,3,i
10472.986886044004,0.30975747160227846,0.25,A,4,i
10565.93315711438,0.30423407810502373,0.25,A,5,i
9146.838222732835,0.3194699629692023,0.25,A,6,i
10425.115797824237,0.32083322789362984,0.25,A,7,i
9424.374059843109,0.3303366776704095,0.25,A,8,i
9732.56388289362,0.31212725309424943,0.25,A,9,i
12619.484376274395,0.3230238711720163,0.125,A,10,i
10702.52466699109,0.31152442083067916,0.125,A,11,i
11343.495319880183,0.34616979364083356,0.125,A,12,i
12009.918400270695,0.32431981508312663,0.125,A,13,i
12900.934607044857,0.3213915664122895,0.125,A,14,i
11647.420186343641,0.32131607747983326,0.125,A,15,i
12192.786249007033,0.31544083983872906,0.125,A,16,i
12389.969530932196,0.32488951720922093,0.125,A,17,i
12461.084365288762,0.32237733756807285,0.125,A,18,i
11475.193428901195,0.320764838417111,0.125,A,19,i
9750.592129960667,0.30737352377392657,0.25,B,20,i
9999.619573457769,0.33188308821002954,0.25,B,21,i
9759.814857838126,0.31389905692836706,0.25,B,22,i
10475.594592307205,0.3138886810743511,0.25,B,23,i
10834.702957609588,0.32071142034121114,0.25,B,24,i
10262.82639535608,0.32251513511357277,0.25,B,25,i
8902.132323254156,0.31478137420330954,0.25,B,26,i
9969.36464423368,0.3092171842509619,0.25,B,27,i
9745.466360991788,0.3103610373078144,0.25,B,28,i
9828.429663782115,0.310936798384728,0.25,B,29,i
12283.943953760985,0.3284557651024913,0.125,B,30,i
12699.257753159614,0.3194673214667801,0.125,B,31,i
11917.34045474353,0.3241835635913181,0.125,B,32,i
11425.044350517941,0.30118403014566875,0.125,B,33,i
11259.859098964858,0.3230484597370718,0.125,B,34,i
12318.70645005979,0.32127914878150116,0.125,B,35,i
12203.679091813716,0.3221768589104978,0.125,B,36,i
11416.630842337277,0.3201725927850501,0.125,B,37,i
12305.683748535812,0.32638287271032296,0.125,B,38,i
12025.116359249541,0.31861933387847446,0.125,B,39,i
10945.287294838436,0.31939679058512266,0.25,C,40,i
10868.092395926164,0.31677853739061346,0.25,C,41,i
11215.89504084102,0.30737518426225313,0.25,C,42,i
10597.800108209693,0.3097535578372405,0.25,C,43,i
10174.530026470344,0.3388801700070475,0.25,C,44,i
10535.953051585171,0.32637043780752967,0.25,C,45,i
10530.173897333823,0.31245675266193795,0.25,C,46,i
9683.536425566212,0.3413972324434935,0.25,C,47,i
10278.627482775632,0.32391105670731474,0.25,C,48,i
10724.980502598783,0.3160543940096183,0.25,C,49,i
13435.057931491432,0.32227390191938277,0.125,C,50,i
12304.361380844239,0.31597939739400477,0.125,C,51,i
14199.281988629757,0.31722108749552225,0.125,C,52,i
11896.101661954903,0.3095114384894097,0.125,C,53,i
13341.601135341045,0.3150242638145673,0.125,C,54,i
13015.090556892384,0.3352131711875005,0.125,C,55,i
12418.621546301803,0.31451888878960715,0.125,C,56,i
12896.738569825924,0.32326530365979156,0.125,C,57,i
12554.43751768817,0.3256803586494645,0.125,C,58,i
13276.536011047121,0.3217097426105965,0.125,C,59,i
9486.31588808214,0.3230292706892536,0.25,D,60,i
9646.439363041358,0.31961488644523683,0.25,D,61,i
9629.96975875235,0.31498099194630036,0.25,D,62,i
9572.455948699413,0.3225319460675447,0.25,D,63,i
9672.17173425914,0.3230502092050246,0.25,D,64,i
9406.850620366988,0.3132630823436022,0.25,D,65,i
10177.103450286297,0.34267395360420555,0.25,D,66,i
8434.46642599743,0.3228596630902982,0.25,D,67,i
10224.18978261727,0.2998915234693582,0.25,D,68,i
10543.319653289742,0.30069101789124597,0.25,D,69,i
11836.967027332976,0.3143190950181309,0.125,D,70,i
11682.17528240283,0.3256266548628992,0.125,D,71,i
12081.125789534546,0.30649511489108416,0.125,D,72,i
11947.662833439515,0.3227599578114395,0.125,D,73,i
10998.774596767891,0.3394498920414871,0.125,D,74,i
12470.336460479144,0.3241189764040355,0.125,D,75,i
10560.631685515056,0.3256447649824052,0.125,D,76,i
10925.972365140524,0.3197030295544499,0.125,D,77,i
11960.847375877425,0.34687000266801904,0.125,D,78,i
11667.901586081414,0.3269650570491244,0.125,D,79,i
10441.36405567642,0.33278957236431034,0.25,E,80,i
10475.162887223229,0.31975332373744075,0.25,E,81,i
9492.372231287502,0.3183225674779715,0.25,E,82,i
10195.076507804286,0.32816665025420644,0.25,E,83,i
9821.693692591447,0.33099959814365865,0.25,E,84,i
10599.114591197618,0.32689738212098934,0.25,E,85,i
10121.235818025203,0.32348219082062635,0.25,E,86,i
9487.527643289503,0.30652688217923063,0.25,E,87,i
10251.233497635869,0.33682539512082044,0.25,E,88,i
10125.72852967049,0.3245547008586329,0.25,E,89,i
12619.35204107772,0.3271644501233909,0.125,E,90,i
11794.97235365701,0.30999920602912323,0.125,E,91,i
11705.052546771742,0.29095905178684567,0.125,E,92,i
12302.3577979705,0.32875917222438444,0.125,E,93,i
12429.197300114356,0.33536276761417866,0.125,E,94,i
12385.979405924672,0.3205867266820777,0.125,E,95,i
11618.371978699466,0.3134931755717433,0.125,E,96,i
12345.767960289553,0.3329340817950251,0.125,E,97,i
11332.697315230607,0.3223263572883836,0.125,E,98,i
11929.83955348193,0.32020816025006826,0.125,E,99,i
9767.336942533533,0.31524874635827893,0.25,F,100,i
10339.460072668371,0.2946232970714619,0.25,F,101,i
9371.359478386434,0.31666640338913893,0.25,F,102,i
9544.505917212291,0.31554031013244394,0.25,F,103,i
9089.031111552214,0.30338124779748915,0.25,F,104,i
10438.491410204122,0.3147013640216481,0.25,F,105,i
9742.373512714694,0.3168707336347439,0.25,F,106,i
8920.837046785471,0.31929651519395974,0.25,F,107,i
10169.156750039754,0.3179605337425453,0.25,F,108,i
9759.736731664318,0.3248857967618447,0.25,F,109,i
12136.993571434743,0.32091434038094163,0.125,F,110,i
12792.236281669324,0.2933978611606495,0.125,F,111,i
12680.193446354424,0.33759979027485276,0.125,F,112,i
11533.96679109017,0.32121534434598825,0.125,F,113,i
12455.437991538442,0.31606737881954705,0.125,F,114,i
11586.066688334402,0.3222534810042017,0.125,F,115,i
11603.331785842272,0.31543747600379146,0.125,F,116,i
11504.43750799484,0.3331669431895536,0.125,F,117,i
12886.72141810105,0.3003216102836965,0.125,F,118,i
11924.224370757518,0.3292661251994242,0.125,F,119,i
9982.251282765406,0.31805522666936475,0.25,A,0,j
9503.94465144061,0.3113255903739159,0.25,A,1,j
10108.018717106062,0.3340231332084178,0.25,A,2,j
10066.912417196441,0.3284023025980297,0.25,A,3,j
10046.564336396168,0.31059930299236277,0.25,A,4,j
10158.186193448197,0.31674945215922706,0.25,A,5,j
10000.952504361307,0.3270389172609376,0.25,A,6,j
11110.490454617577,0.31728251957560927,0.25,A,7,j
9329.011482979282,0.3077299602064522,0.25,A,8,j
9672.233878025054,0.3105505003343121,0.25,A,9,j
13312.644517381228,0.31769271806486765,0.125,A,10,j
11408.43078033191,0.3140792534322494,0.125,A,11,j
12475.845539506803,0.33998292174415967,0.125,A,12,j
12637.256900230728,0.3215571075975641,0.125,A,13,j
12147.383835343173,0.3246217441785885,0.125,A,14,j
12380.135548989343,0.3285127191000825,0.125,A,15,j
11849.9789031729,0.31823618684728966,0.125,A,16,j
12593.936564827847,0.3190961259155256,0.125,A,17,j
12528.394096944075,0.3276162436713807,0.125,A,18,j
11775.443894722664,0.3273637514051472,0.125,A,19,j
10493.798829375433,0.3109314795061656,0.25,B,20,j
9461.746182121507,0.3258916619513531,0.25,B,21,j
9245.902371384609,0.3113850383270612,0.25,B,22,j
10255.581302523358,0.3129128012917798,0.25,B,23,j
10611.158680331251,0.32422164575594314,0.25,B,24,j
11112.430336408255,0.31793510244649137,0.25,B,25,j
9491.497267908308,0.31718333594729486,0.25,B,26,j
10566.604832785557,0.3014123491544098,0.25,B,27,j
10205.642462278365,0.30711545397559603,0.25,B,28,j
9182.092506744282,0.31335717917823713,0.25,B,29,j
12518.036780435736,0.33616741468528477,0.125,B,30,j
12063.88546841804,0.3190598989060218,0.125,B,31,j
11879.184045119919,0.3220481444927549,0.125,B,32,j
12167.121722673051,0.3131830274066402,0.125,B,33,j
11582.99174581109,0.3162191858606169,0.125,B,34,j
12823.470431398826,0.32928503267923936,0.125,B,35,j
11774.46154757636,0.3195237958706901,0.125,B,36,j
12223.185364346047,0.31718443959740156,0.125,B,37,j
11996.335649298348,0.323131569119692,0.125,B,38,j
12055.354238816948,0.2984409310727162,0.125,B,39,j
10742.864924421052,0.32675701804704915,0.25,C,40,j
11549.96476549058,0.31856749942342893,0.25,C,41,j
11608.737760203432,0.310303997427522,0.25,C,42,j
10381.794181089852,0.3040887947826055,0.25,C,43,j
9991.08244269894,0.3316689036923693,0.25,C,44,j
10229.93517043904,0.3192663537335392,0.25,C,45,j
10670.18737480367,0.3105493833686296,0.25,C,46,j
9763.500666264677,0.335927219406605,0.25,C,47,j
10915.370012488422,0.31869977749010253,0.25,C,48,j
11061.374669900835,0.32331032114120917,0.25,C,49,j
12749.55097445463,0.3106180681019507,0.125,C,50,j
12610.342561678219,0.31602754525869453,0.125,C,51,j
13382.314878463132,0.3130045508873012,0.125,C,52,j
12496.471974555641,0.31496044280665036,0.125,C,53,j
13363.508161494503,0.316437595541355,0.125,C,54,j
13805.674575459541,0.33868385483565494,0.125,C,55,j
13316.128809490578,0.3118159095554889,0.125,C,56,j
13226.426067313529,0.3210821680448617,0.125,C,57,j
12288.508664769675,0.3262976013011085,0.125,C,58,j
13132.236417583394,0.3123601847299959,0.125,C,59,j
9725.599384283792,0.328676960175239,0.25,D,60,j
10222.61630255672,0.32009434381950846,0.25,D,61,j
10284.085916199672,0.3125230798530821,0.25,D,62,j
10236.34708375096,0.31690220948270553,0.25,D,63,j
10301.521042118906,0.3225070836161433,0.25,D,64,j
9997.808558346482,0.31254462522354765,0.25,D,65,j
9592.64936785546,0.33820858811904914,0.25,D,66,j
9807.826540692773,0.31959721633971755,0.25,D,67,j
9910.708842280228,0.3055926940862126,0.25,D,68,j
10125.585503653263,0.31333904138544305,0.25,D,69,j
11947.625695007933,0.3149632535730648,0.125,D,70,j
12484.231812146008,0.330544518708403,0.125,D,71,j
12942.141284507534,0.31675118872499747,0.125,D,72,j
11962.652063521902,0.3177700061845021,0.125,D,73,j
12035.610085714772,0.32967271092791645,0.125,D,74,j
12054.13328732182,0.3257904563024417,0.125,D,75,j
11400.984652922758,0.33240147153521654,0.125,D,76,j
11940.385591669936,0.32047837261620055,0.125,D,77,j
12518.491550866127,0.34061730635271587,0.125,D,78,j
11419.505232973866,0.33837930567099933,0.125,D,79,j
9180.750926634248,0.32867253271134,0.25,E,80,j
10163.306815339787,0.31389657487438577,0.25,E,81,j
10040.74244157127,0.32608728226021866,0.25,E,82,j
10406.270766375026,0.3155732958078339,0.25,E,83,j
9653.491702707957,0.33141829390654737,0.25,E,84,j
9844.195988588293,0.333701681481228,0.25,E,85,j
9574.748722009797,0.3256583456185096,0.25,E,86,j
10035.82572792696,0.3097228682437568,0.25,E,87,j
10187.085738763688,0.32345121797149445,0.25,E,88,j
10526.644027452221,0.3212345468734147,0.25,E,89,j
12254.158671966812,0.3157487653925683,0.125,E,90,j
11511.959555765496,0.3055029063445375,0.125,E,91,j
11787.629644612398,0.29870513190583964,0.125,E,92,j
11797.87797351706,0.33590271083086837,0.125,E,93,j
11743.60892890478,0.3483341360238326,0.125,E,94,j
11537.296883377783,0.32564979953187917,0.125,E,95,j
11352.29303921406,0.31605291938848384,0.125,E,96,j
11995.249813551853,0.3204341229336686,0.125,E,97,j
11680.964076921811,0.3310585065507618,0.125,E,98,j
11008.661310732961,0.32631534077429397,0.125,E,99,j
10286.518924790968,0.3114638934677317,0.25,F,100,j
10411.296227669767,0.30455054744423626,0.25,F,101,j
10659.909657719221,0.3182682322000698,0.25,F,102,j
9796.457985924952,0.3282845032642298,0.25,F,103,j
9397.721895922303,0.317762176412323,0.25,F,104,j
10656.280674738895,0.3284562804157829,0.25,F,105,j
10122.86530197951,0.321471368224963,0.25,F,106,j
9081.884227625853,0.32416657716559316,0.25,F,107,j
10276.241513125951,0.31852735215603095,0.25,F,108,j
9845.002241910099,0.32861144829489547,0.25,F,109,j
11452.335668615717,0.32024048099601393,0.125,F,110,j
12005.326280435736,0.2972638987764308,0.125,F,111,j
12047.550554898291,0.33373743505204856,0.125,F,112,j
11073.68399291046,0.31801158297902715,0.125,F,113,j
11632.829761773375,0.320572361696627,0.125,F,114,j
11984.544056429619,0.31637873237624997,0.125,F,115,j
11553.094464062968,0.3270702636468146,0.125,F,116,j
11555.21636605772,0.3393654818005227,0.125,F,117,j
12060.136803859881,0.31677138459698684,0.125,F,118,j
12004.348072659666,0.3265407914366789,0.125,F,119,j
10685.48421633173,0.3255863156643468,0.25,A,0,k
9577.127999961216,0.3105088483966843,0.25,A,1,k
10095.538715571009,0.3353936254760378,0.25,A,2,k
10031.05471566278,0.3293763997064942,0.25,A,3,k
10057.023630244074,0.3127611757507202,0.25,A,4,k
10335.188469356894,0.3103247851086717,0.25,A,5,k
10021.65042358753,0.3296596817874489,0.25,A,6,k
10220.383497492034,0.3186564781127163,0.25,A,7,k
9811.23585475395,0.3231429435344523,0.25,A,8,k
10384.401191819114,0.3198487375142867,0.25,A,9,k
12298.83506414852,0.32776822386665605,0.125,A,10,k
12063.683527720257,0.3127703157035715,0.125,A,11,k
11620.930359085305,0.34639950577515205,0.125,A,12,k
12231.223457096066,0.3261960520612854,0.125,A,13,k
11985.155947081017,0.3234169705777345,0.125,A,14,k
12159.479258791047,0.33544800661043195,0.125,A,15,k
11768.63282825464,0.32099667832228745,0.125,A,16,k
12334.489582285827,0.30910472765830255,0.125,A,17,k
12299.646334864483,0.328155263148104,0.125,A,18,k
12124.862177062405,0.3343001361318934,0.125,A,19,k
9529.390242000056,0.31319568089387084,0.25,B,20,k
10250.035671037951,0.31718530905905457,0.25,B,21,k
9648.567336521453,0.31476998153087926,0.25,B,22,k
10150.71882685202,0.30231632424020644,0.25,B,23,k
10077.789009598138,0.31557674676425523,0.25,B,24,k
10336.77253565828,0.32073676026248277,0.25,B,25,k
9279.790401329705,0.31306715912114963,0.25,B,26,k
10711.041964209475,0.3124143628890787,0.25,B,27,k
10277.87098864137,0.3131624590734581,0.25,B,28,k
9462.715324417582,0.30987246254500067,0.25,B,29,k
11921.200423594175,0.32870373284627363,0.125,B,30,k
13057.502398406008,0.3209373159192555,0.125,B,31,k
12354.097639721018,0.32266686379598836,0.125,B,32,k
12005.508089711455,0.3071928680628663,0.125,B,33,k
10928.891524662446,0.3264550263271107,0.125,B,34,k
13364.34712934484,0.3274720671329708,0.125,B,35,k
12610.189951287106,0.32377676968428726,0.125,B,36,k
12001.517303238237,0.3142067504488098,0.125,B,37,k
11968.689136343373,0.31671557016548696,0.125,B,38,k
12574.62446056352,0.29809156059437064,0.125,B,39,k
10219.890357680248,0.31805753072162757,0.25,C,40,k
11555.17723219569,0.3147742111018518,0.25,C,41,k
11477.416886118677,0.3215470843298586,0.25,C,42,k
9633.263538960642,0.31803629831378843,0.25,C,43,k
10178.281649464143,0.33757106653045743,0.25,C,44,k
9771.931662049697,0.32181815791663304,0.25,C,45,k
11408.758466828955,0.3136241277603086,0.25,C,46,k
10374.264917591532,0.33274104325046305,0.25,C,47,k
10678.130803107444,0.3283662477834429,0.25,C,48,k
10356.048504448692,0.32074830940989274,0.25,C,49,k
12618.37702408921,0.3208596868714589,0.125,C,50,k
11938.520589155165,0.3204066932952041,0.125,C,51,k
13887.172472406384,0.31127007654915134,0.125,C,52,k
12218.477961141041,0.31217419221958587,0.125,C,53,k
13458.52049328452,0.32473804457823824,0.125,C,54,k
13007.020412597976,0.3325855307358939,0.125,C,55,k
12478.055925915589,0.3220381949149354,0.125,C,56,k
12659.66702881048,0.32374401066068864,0.125,C,57,k
12570.33783250939,0.32582083334343187,0.125,C,58,k
13306.09240392653,0.32189416173469604,0.125,C,59,k
9408.594715514577,0.3374422798245017,0.25,D,60,k
10117.033728089224,0.31612018837071476,0.25,D,61,k
10253.847002422683,0.3105908950088637,0.25,D,62,k
9899.1655563693,0.3235785425800757,0.25,D,63,k
9853.611743585621,0.3261033485687028,0.25,D,64,k
10410.22121567426,0.3153738612033489,0.25,D,65,k
10073.547120578569,0.34718657409114934,0.25,D,66,k
9271.083416379859,0.3172500625425886,0.25,D,67,k
9810.003053603712,0.30406719805516425,0.25,D,68,k
10405.845616003962,0.3077651278934629,0.25,D,69,k
12045.027889567256,0.3071636563218767,0.125,D,70,k
12241.832364920116,0.3330881583881973,0.125,D,71,k
11771.832339405633,0.3071781207726804,0.125,D,72,k
11806.983681883417,0.32233208361681576,0.125,D,73,k
12354.465559301501,0.33295068808881484,0.125,D,74,k
12437.541115283606,0.33727317821506586,0.125,D,75,k
11202.683594793174,0.3227738610488924,0.125,D,76,k
11341.152585201564,0.32726724705409804,0.125,D,77,k
12178.011266405965,0.3360210019166675,0.125,D,78,k
11815.640500818876,0.3280790456917238,0.125,D,79,k
10273.314456799984,0.334099935163377,0.25,E,80,k
9396.69346228212,0.3050166811498441,0.25,E,81,k
10089.691930123301,0.323413277819205,0.25,E,82,k
9464.416764865427,0.3155410309680795,0.25,E,83,k
9039.698151578259,0.32533608956023835,0.25,E,84,k
10625.603928180757,0.33420905971023346,0.25,E,85,k
9352.194853373785,0.31885328826158793,0.25,E,86,k
8913.049472797034,0.30606019025566583,0.25,E,87,k
10170.109316567647,0.32914071370544756,0.25,E,88,k
10761.427597477128,0.32838934135661835,0.25,E,89,k
12953.357962498874,0.3121938643212953,0.125,E,90,k
11254.216500907676,0.3146867680245918,0.125,E,91,k
11744.804814137267,0.28531044718959164,0.125,E,92,k
11890.823024482896,0.33044486502675563,0.125,E,93,k
11900.634000660639,0.33522328891317954,0.125,E,94,k
11690.572568186015,0.3222538993240048,0.125,E,95,k
12134.280162502957,0.3137852331747842,0.125,E,96,k
11814.604128783638,0.3345660066493191,0.125,E,97,k
11341.654783014106,0.329003315926948,0.125,E,98,k
10539.557281134605,0.3266950260364634,0.125,E,99,k
10153.946496826926,0.315703755718811,0.25,F,100,k
10031.2431163736,0.3091390627487126,0.25,F,101,k
10262.222367643519,0.3130153474713737,0.25,F,102,k
9696.712015115063,0.3200803985697475,0.25,F,103,k
10255.08908073119,0.3303388449183206,0.25,F,104,k
10186.679839322685,0.32478167887747794,0.25,F,105,k
10345.986425022518,0.31477435882665505,0.25,F,106,k
9992.401647060558,0.32356346748357895,0.25,F,107,k
10768.493325005405,0.32198945927421263,0.25,F,108,k
10164.464769372296,0.3177713392574436,0.25,F,109,k
11288.691145022878,0.32091501804621037,0.125,F,110,k
12869.638677320505,0.2996769185893011,0.125,F,111,k
12418.008339551567,0.33415660122857255,0.125,F,112,k
11133.44793079418,0.32164105922561487,0.125,F,113,k
11819.827830851087,0.3162821146633317,0.125,F,114,k
11811.69011293686,0.32362891370662034,0.125,F,115,k
11711.78818426604,0.3188514060447089,0.125,F,116,k
12136.040693974219,0.3328009798947859,0.125,F,117,k
12243.46846957519,0.3143822819608154,0.125,F,118,k
11575.986845822448,0.32758209205762207,0.125,F,119,k
10749.101194331643,0.3313940270450714,0.25,A,0,l
8637.354717346436,0.3157547955083762,0.25,A,1,l
9501.075676415428,0.3260038960664067,0.25,A,2,l
9644.646179510743,0.3369533651050946,0.25,A,3,l
10287.558845542162,0.3146892239469412,0.25,A,4,l
11586.278119170413,0.3186905107002191,0.25,A,5,l
10214.224663590201,0.331618218373271,0.25,A,6,l
10224.557067015261,0.3204042095063489,0.25,A,7,l
10248.38415556689,0.31516877639558977,0.25,A,8,l
10067.404191453305,0.3044151906664627,0.25,A,9,l
12199.730414357091,0.317406681075762,0.125,A,10,l
11488.305358009931,0.3124549817079425,0.125,A,11,l
11785.90300039466,0.3435679665733717,0.125,A,12,l
12704.801700725478,0.3255811450931732,0.125,A,13,l
12671.025781569146,0.3205087398697955,0.125,A,14,l
12677.017365717333,0.3301837391960438,0.125,A,15,l
12256.969592798854,0.31694662548762376,0.125,A,16,l
12733.689209373808,0.31475891499997,0.125,A,17,l
12207.253226639943,0.32379956291226714,0.125,A,18,l
11075.534505444215,0.3328780704370258,0.125,A,19,l
9551.176405208274,0.31003692743730366,0.25,B,20,l
10589.758768054822,0.3306233902808924,0.25,B,21,l
9157.357048129896,0.3069785246920284,0.25,B,22,l
9627.815780705921,0.30768970286917335,0.25,B,23,l
10531.872915783735,0.32715253930088595,0.25,B,24,l
9798.69775588563,0.32257269759318935,0.25,B,25,l
8255.150909441276,0.3135772511274753,0.25,B,26,l
9891.717427598747,0.30385180548770047,0.25,B,27,l
9895.675144342855,0.30942747462997067,0.25,B,28,l
9681.251144463065,0.30359453815675275,0.25,B,29,l
11892.469344096815,0.32245529184384963,0.125,B,30,l
13359.59137962588,0.3113106471150113,0.125,B,31,l
11425.73301272916,0.3236744302080227,0.125,B,32,l
11533.09641312256,0.3086799829176644,0.125,B,33,l
11536.773946201994,0.32371436316325947,0.125,B,34,l
12488.621143895843,0.32431330576157996,0.125,B,35,l
11501.079673565124,0.3236140562939084,0.125,B,36,l
12286.136680366108,0.31088748277918515,0.125,B,37,l
12289.045148739693,0.32424000574369094,0.125,B,38,l
12674.242269366967,0.3080044114732115,0.125,B,39,l
11068.012703805935,0.3238029087450347,0.25,C,40,l
11451.413278814263,0.31861598636088656,0.25,C,41,l
10877.486081458635,0.31313026091270935,0.25,C,42,l
10044.845825698338,0.3105151871375436,0.25,C,43,l
9817.171160200163,0.33456390685122855,0.25,C,44,l
10198.201270078747,0.3166113845206028,0.25,C,45,l
10105.18873683049,0.3127508277392409,0.25,C,46,l
9671.98670946034,0.33536264650549447,0.25,C,47,l
10867.045768990565,0.3199994988982541,0.25,C,48,l
10497.060632615445,0.3303217638269866,0.25,C,49,l
13041.2453085635,0.31355143135082836,0.125,C,50,l
12100.891091725842,0.317213771444222,0.125,C,51,l
13064.079312321137,0.32594286634863173,0.125,C,52,l
11945.66499696452,0.31711127752706153,0.125,C,53,l
13854.425902584293,0.3212581536895899,0.125,C,54,l
12126.185077364624,0.3365542878090218,0.125,C,55,l
12977.008782157924,0.31747801946521376,0.125,C,56,l
13318.69719934,0.3223099073244641,0.125,C,57,l
11893.349484422019,0.3228586823117159,0.125,C,58,l
13039.103202140033,0.31524481006815597,0.125,C,59,l
9296.862054896268,0.3256620279940356,0.25,D,60,l
9451.048048040117,0.3177075772216149,0.25,D,61,l
9843.901605230247,0.3180144621756827,0.25,D,62,l
9672.34180331661,0.32465457554142296,0.25,D,63,l
9744.871204690535,0.3203859672165663,0.25,D,64,l
9505.653854105976,0.32098210713285735,0.25,D,65,l
9943.388601235272,0.34042649719180823,0.25,D,66,l
10126.217915904554,0.3235159674840536,0.25,D,67,l
10489.476442287842,0.3075267416172264,0.25,D,68,l
10303.141671859175,0.3037384952136951,0.25,D,69,l
12420.456620388972,0.3040330422093754,0.125,D,70,l
11766.640908419717,0.3352389556560111,0.125,D,71,l
12859.306798001013,0.3085398575779395,0.125,D,72,l
12463.747195926555,0.31895996269667815,0.125,D,73,l
11894.906005782152,0.31796384300476466,0.125,D,74,l
12490.658192267432,0.3238215029702364,0.125,D,75,l
11599.109800116015,0.33134361924576355,0.125,D,76,l
11773.156493064716,0.3314474162500048,0.125,D,77,l
12060.034228822147,0.3525978728794138,0.125,D,78,l
11488.416127630766,0.3272803715747323,0.125,D,79,l
9353.579182968604,0.3343002836991066,0.25,E,80,l
10527.361523719926,0.3047277043372508,0.25,E,81,l
10376.58438401765,0.31855538594717087,0.25,E,82,l
9309.410800280446,0.3258372775262942,0.25,E,83,l
9541.615109494496,0.31792404454284406,0.25,E,84,l
10175.119885214182,0.3286916793659736,0.25,E,85,l
10628.825463932868,0.3236080737372541,0.25,E,86,l
8790.413609935647,0.3185817742815857,0.25,E,87,l
10011.323843458249,0.33204904880489583,0.25,E,88,l
10263.796902770637,0.3293415142508925,0.25,E,89,l
12866.640310655626,0.31677733267835134,0.125,E,90,l
12591.115160706704,0.30789976601628133,0.125,E,91,l
11825.100921988265,0.2957243120027398,0.125,E,92,l
11773.658078199236,0.34143965352832767,0.125,E,93,l
11717.539747668234,0.3383392539438138,0.125,E,94,l
12237.268701602348,0.31935318107265886,0.125,E,95,l
11552.060553309459,0.31733387451300377,0.125,E,96,l
11977.881620693654,0.3269625883367357,0.125,E,97,l
11542.793538886046,0.323431400244042,0.125,E,98,l
10779.295073811205,0.32633387209060094,0.125,E,99,l
9821.538515305438,0.31218197722279895,0.25,F,100,l
10502.365749572777,0.30018377070085595,0.25,F,101,l
9800.26485561374,0.31267467670689475,0.25,F,102,l
10492.417965880742,0.31786497988822104,0.25,F,103,l
9360.689101758613,0.3245824955028712,0.25,F,104,l
11308.345648637696,0.3271154089940018,0.25,F,105,l
10068.336112632882,0.3221707249053929,0.25,F,106,l
9509.33718288475,0.3212341662436119,0.25,F,107,l
9174.206339051187,0.31844289388726804,0.25,F,108,l
9895.380256951677,0.32248341473977393,0.25,F,109,l
11683.948087385588,0.3265377008852379,0.125,F,110,l
12211.710494141611,0.29889691833360726,0.125,F,111,l
12375.64522525421,0.32223404090156127,0.125,F,112,l
11672.2507054919,0.32070075200427234,0.125,F,113,l
11785.050786896803,0.3350510800821281,0.125,F,114,l
11935.16712578334,0.31932835988020636,0.125,F,115,l
11552.946124030359,0.31754649390328005,0.125,F,116,l
11985.57993212488,0.332173199553446,0.125,F,117,l
12092.949689661455,0.3176546794894289,0.125,F,118,l
12170.319166472938,0.3358905089394118,0.125,F,119,l
